"reach_name","section_id","distance_to_next_m","manning_n"
"sec1","1","600.0","0.045"
"sec1","2","0.0","0.045"
"sec10","11","1140.0","0.029"
"sec10","105","1060.0","0.029"
"sec10","106","1850.0","0.029"
"sec10","107","1090.0","0.029"
"sec10","108","1020.0","0.029"
"sec10","109","1090.0","0.029"
"sec10","110","1030.0","0.029"
"sec10","111","1580.0","0.029"
"sec10","112","1300.0","0.029"
"sec10","113","1010.0","0.029"
"sec10","114","1140.0","0.029"
"sec10","115","1340.0","0.029"
"sec10","116","1180.0","0.029"
"sec10","117","1430.0","0.029"
"sec10","118","1100.0","0.029"
"sec10","119","1160.0","0.029"
"sec10","120","1040.0","0.029"
"sec10","12","0.0","0.029"
"sec11","12","600.0","0.029"
"sec11","10","0.0","0.029"
"sec12","10","1900.0","0.029"
"sec12","121","1400.0","0.029"
"sec12","122","1540.0","0.029"
"sec12","123","1870.0","0.029"
"sec12","124","1750.0","0.029"
"sec12","125","1640.0","0.029"
"sec12","126","1490.0","0.029"
"sec12","127","1350.0","0.029"
"sec12","128","1580.0","0.029"
"sec12","129","1770.0","0.029"
"sec12","130","1440.0","0.029"
"sec12","13","0.0","0.029"
"sec13","13","1950.0","0.035"
"sec13","131","1370.0","0.035"
"sec13","132","1450.0","0.035"
"sec13","133","1150.0","0.035"
"sec13","134","1070.0","0.035"
"sec13","135","1900.0","0.035"
"sec13","136","1030.0","0.035"
"sec13","137","1310.0","0.035"
"sec13","138","1970.0","0.035"
"sec13","139","1150.0","0.035"
"sec13","140","1750.0","0.035"
"sec13","141","1170.0","0.035"
"sec13","4","0.0","0.035"
"sec14","7","1478.0","0.025"
"sec14","142","1667.0","0.025"
"sec14","143","1885.0","0.025"
"sec14","144","2110.0","0.025"
"sec14","145","2027.0","0.025"
"sec14","14","0.0","0.025"
"sec15","14","1490.0","0.04"
"sec15","146","1450.0","0.04"
"sec15","147","1260.0","0.04"
"sec15","148","1420.0","0.04"
"sec15","149","1400.0","0.04"
"sec15","150","1580.0","0.04"
"sec15","151","1420.0","0.04"
"sec15","152","1680.0","0.04"
"sec15","153","1570.0","0.04"
"sec15","154","1050.0","0.04"
"sec15","155","1030.0","0.04"
"sec15","156","1380.0","0.04"
"sec15","157","2170.0","0.04"
"sec15","158","1320.0","0.04"
"sec15","159","1490.0","0.04"
"sec15","160","1560.0","0.04"
"sec15","161","1400.0","0.04"
"sec15","15","0.0","0.04"
"sec16","14","600.0","0.028"
"sec16","16","0.0","0.028"
"sec17","16","1410.0","0.027"
"sec17","162","1300.0","0.027"
"sec17","163","1230.0","0.027"
"sec17","164","1070.0","0.027"
"sec17","165","1150.0","0.027"
"sec17","166","1080.0","0.027"
"sec17","167","1530.0","0.027"
"sec17","168","1000.0","0.027"
"sec17","169","1520.0","0.027"
"sec17","170","1200.0","0.027"
"sec17","171","1030.0","0.027"
"sec17","172","1860.0","0.027"
"sec17","173","1270.0","0.027"
"sec17","174","1920.0","0.027"
"sec17","175","1340.0","0.027"
"sec17","176","1540.0","0.027"
"sec17","177","1010.0","0.027"
"sec17","178","1180.0","0.027"
"sec17","179","1530.0","0.027"
"sec17","17","0.0","0.027"
"sec18","17","1000.0","0.028"
"sec18","15","0.0","0.028"
"sec19","15","1060.0","0.029"
"sec19","180","1170.0","0.029"
"sec19","181","1090.0","0.029"
"sec19","182","1530.0","0.029"
"sec19","183","1520.0","0.029"
"sec19","184","1550.0","0.029"
"sec19","185","1470.0","0.029"
"sec19","186","1330.0","0.029"
"sec19","187","1110.0","0.029"
"sec19","188","1910.0","0.029"
"sec19","189","1240.0","0.029"
"sec19","190","2020.0","0.029"
"sec19","191","1810.0","0.029"
"sec19","192","1780.0","0.029"
"sec19","193","2020.0","0.029"
"sec19","194","1970.0","0.029"
"sec19","195","1650.0","0.029"
"sec19","196","2010.0","0.029"
"sec19","197","1580.0","0.029"
"sec19","198","1790.0","0.029"
"sec19","199","1760.0","0.029"
"sec19","200","1960.0","0.029"
"sec19","201","1870.0","0.029"
"sec19","202","1850.0","0.029"
"sec19","203","1440.0","0.029"
"sec19","18","0.0","0.029"
"sec2","2","1690.0","0.05"
"sec2","20","2000.0","0.05"
"sec2","21","1270.0","0.05"
"sec2","22","1330.0","0.05"
"sec2","23","1730.0","0.05"
"sec2","24","1840.0","0.05"
"sec2","25","1665.0","0.05"
"sec2","26","1640.0","0.05"
"sec2","27","1240.0","0.05"
"sec2","28","1080.0","0.05"
"sec2","29","1810.0","0.05"
"sec2","30","1650.0","0.05"
"sec2","31","2050.0","0.05"
"sec2","32","1360.0","0.05"
"sec2","33","1170.0","0.05"
"sec2","34","1460.0","0.05"
"sec2","35","1250.0","0.05"
"sec2","36","1200.0","0.05"
"sec2","37","1620.0","0.05"
"sec2","38","1180.0","0.05"
"sec2","39","1300.0","0.05"
"sec2","40","1060.0","0.05"
"sec2","41","1010.0","0.05"
"sec2","42","1070.0","0.05"
"sec2","43","1040.0","0.05"
"sec2","44","1040.0","0.05"
"sec2","45","1070.0","0.05"
"sec2","46","1100.0","0.05"
"sec2","47","1100.0","0.05"
"sec2","48","1130.0","0.05"
"sec2","49","1490.0","0.05"
"sec2","50","1580.0","0.05"
"sec2","51","1530.0","0.05"
"sec2","52","2090.0","0.05"
"sec2","53","1570.0","0.05"
"sec2","54","1490.0","0.05"
"sec2","55","1130.0","0.05"
"sec2","56","1690.0","0.05"
"sec2","57","1240.0","0.05"
"sec2","58","1620.0","0.05"
"sec2","59","1450.0","0.05"
"sec2","60","1070.0","0.05"
"sec2","61","1260.0","0.05"
"sec2","62","1020.0","0.05"
"sec2","63","1450.0","0.05"
"sec2","64","1320.0","0.05"
"sec2","65","1030.0","0.05"
"sec2","66","1360.0","0.05"
"sec2","67","1490.0","0.05"
"sec2","68","1150.0","0.05"
"sec2","69","1070.0","0.05"
"sec2","3","0.0","0.05"
"sec20","19","1989.0","0.025"
"sec20","6","0.0","0.025"
"sec3","3","600.0","0.045"
"sec3","4","0.0","0.045"
"sec4","4","1950.0","0.035"
"sec4","70","1370.0","0.035"
"sec4","71","1450.0","0.035"
"sec4","72","1150.0","0.035"
"sec4","73","1070.0","0.035"
"sec4","74","1900.0","0.035"
"sec4","75","1030.0","0.035"
"sec4","76","1310.0","0.035"
"sec4","77","1970.0","0.035"
"sec4","78","1150.0","0.035"
"sec4","79","1750.0","0.035"
"sec4","80","1170.0","0.035"
"sec4","5","170.0","0.035"
"sec5","6","2724.0","0.025"
"sec5","81","2220.0","0.025"
"sec5","82","2010.0","0.025"
"sec5","83","1710.0","0.025"
"sec5","7","0.0","0.025"
"sec6","7","600.0","0.029"
"sec6","8","0.0","0.029"
"sec7","8","1620.0","0.029"
"sec7","84","1790.0","0.029"
"sec7","85","1833.0","0.029"
"sec7","86","2037.0","0.029"
"sec7","87","1730.0","0.029"
"sec7","88","1895.0","0.029"
"sec7","89","1160.0","0.029"
"sec7","90","1120.0","0.029"
"sec7","91","1010.0","0.029"
"sec7","9","0.0","0.029"
"sec8","9","1020.0","0.029"
"sec8","92","1160.0","0.029"
"sec8","93","1550.0","0.029"
"sec8","94","1620.0","0.029"
"sec8","95","1390.0","0.029"
"sec8","96","1660.0","0.029"
"sec8","97","1000.0","0.029"
"sec8","98","1590.0","0.029"
"sec8","99","1530.0","0.029"
"sec8","100","2020.0","0.029"
"sec8","101","1150.0","0.029"
"sec8","102","1970.0","0.029"
"sec8","103","1020.0","0.029"
"sec8","104","1160.0","0.029"
"sec8","10","0.0","0.029"
"sec9","9","600.0","0.029"
"sec9","11","0.0","0.029"
