"global_id","model_sec_id","river_id","old_pos_1based","new_pos_1based","reach_name","reach_start_node","reach_end_node","reach_section_count","source_section_name","distance_to_next","roughness","merged_reach_name","merged_local_idx_0based","sheet_name"
"1","1","1","1","1","sec1","1","2","2","sec024001","600.0","0.045","sec1","0","1"
"2","2","1","2","2","sec1","1","2","2","sec024002","0.0","0.045","sec1","1","2"
"3","2","2","1","1","sec2","2","3","52","sec002001","1690.0","0.05","sec2","0","2_sec2_0"
"4","20","2","2","2","sec2","2","3","52","sec002002","2000.0","0.05","sec2","1","20"
"5","21","2","3","3","sec2","2","3","52","sec002003","1270.0","0.05","sec2","2","21"
"6","22","2","4","4","sec2","2","3","52","sec002004","1330.0","0.05","sec2","3","22"
"7","23","2","5","5","sec2","2","3","52","sec002005","1730.0","0.05","sec2","4","23"
"8","24","2","6","6","sec2","2","3","52","sec002006","1840.0","0.05","sec2","5","24"
"9","25","2","7","7","sec2","2","3","52","sec002007","1665.0","0.05","sec2","6","25"
"10","26","2","8","8","sec2","2","3","52","sec002008","1640.0","0.05","sec2","7","26"
"11","27","2","9","9","sec2","2","3","52","sec002009","1240.0","0.05","sec2","8","27"
"12","28","2","10","10","sec2","2","3","52","sec002010","1080.0","0.05","sec2","9","28"
"13","29","2","11","11","sec2","2","3","52","sec002011","1810.0","0.05","sec2","10","29"
"14","30","2","12","12","sec2","2","3","52","sec002012","1650.0","0.05","sec2","11","30"
"15","31","2","13","13","sec2","2","3","52","sec002013","2050.0","0.05","sec2","12","31"
"16","32","2","14","14","sec2","2","3","52","sec002014","1360.0","0.05","sec2","13","32"
"17","33","2","15","15","sec2","2","3","52","sec002015","1170.0","0.05","sec2","14","33"
"18","34","2","16","16","sec2","2","3","52","sec002016","1460.0","0.05","sec2","15","34"
"19","35","2","17","17","sec2","2","3","52","sec002017","1250.0","0.05","sec2","16","35"
"20","36","2","18","18","sec2","2","3","52","sec002018","1200.0","0.05","sec2","17","36"
"21","37","2","19","19","sec2","2","3","52","sec002019","1620.0","0.05","sec2","18","37"
"22","38","2","20","20","sec2","2","3","52","sec002020","1180.0","0.05","sec2","19","38"
"23","39","2","21","21","sec2","2","3","52","sec002021","1300.0","0.05","sec2","20","39"
"24","40","2","22","22","sec2","2","3","52","sec002022","1060.0","0.05","sec2","21","40"
"25","41","2","23","23","sec2","2","3","52","sec002023","1010.0","0.05","sec2","22","41"
"26","42","2","24","24","sec2","2","3","52","sec002024","1070.0","0.05","sec2","23","42"
"27","43","2","25","25","sec2","2","3","52","sec002025","1040.0","0.05","sec2","24","43"
"28","44","2","26","26","sec2","2","3","52","sec002026","1040.0","0.05","sec2","25","44"
"29","45","2","27","27","sec2","2","3","52","sec002027","1070.0","0.05","sec2","26","45"
"30","46","2","28","28","sec2","2","3","52","sec002028","1100.0","0.05","sec2","27","46"
"31","47","2","29","29","sec2","2","3","52","sec002029","1100.0","0.05","sec2","28","47"
"32","48","2","30","30","sec2","2","3","52","sec002030","1130.0","0.05","sec2","29","48"
"33","49","2","31","31","sec2","2","3","52","sec002031","1490.0","0.05","sec2","30","49"
"34","50","2","32","32","sec2","2","3","52","sec002032","1580.0","0.05","sec2","31","50"
"35","51","2","33","33","sec2","2","3","52","sec002033","1530.0","0.05","sec2","32","51"
"36","52","2","34","34","sec2","2","3","52","sec002034","2090.0","0.05","sec2","33","52"
"37","53","2","35","35","sec2","2","3","52","sec002035","1570.0","0.05","sec2","34","53"
"38","54","2","36","36","sec2","2","3","52","sec002036","1490.0","0.05","sec2","35","54"
"39","55","2","37","37","sec2","2","3","52","sec002037","1130.0","0.05","sec2","36","55"
"40","56","2","38","38","sec2","2","3","52","sec002038","1690.0","0.05","sec2","37","56"
"41","57","2","39","39","sec2","2","3","52","sec002039","1240.0","0.05","sec2","38","57"
"42","58","2","40","40","sec2","2","3","52","sec002040","1620.0","0.05","sec2","39","58"
"43","59","2","41","41","sec2","2","3","52","sec002041","1450.0","0.05","sec2","40","59"
"44","60","2","42","42","sec2","2","3","52","sec002042","1070.0","0.05","sec2","41","60"
"45","61","2","43","43","sec2","2","3","52","sec002043","1260.0","0.05","sec2","42","61"
"46","62","2","44","44","sec2","2","3","52","sec002044","1020.0","0.05","sec2","43","62"
"47","63","2","45","45","sec2","2","3","52","sec002045","1450.0","0.05","sec2","44","63"
"48","64","2","46","46","sec2","2","3","52","sec002046","1320.0","0.05","sec2","45","64"
"49","65","2","47","47","sec2","2","3","52","sec002047","1030.0","0.05","sec2","46","65"
"50","66","2","48","48","sec2","2","3","52","sec002048","1360.0","0.05","sec2","47","66"
"51","67","2","49","49","sec2","2","3","52","sec002049","1490.0","0.05","sec2","48","67"
"52","68","2","50","50","sec2","2","3","52","sec002050","1150.0","0.05","sec2","49","68"
"53","69","2","51","51","sec2","2","3","52","sec002051","1070.0","0.05","sec2","50","69"
"54","3","2","52","52","sec2","2","3","52","sec002052","0.0","0.05","sec2","51","3"
"55","3","3","1","1","sec3","3","4","2","sec025001","600.0","0.045","sec3","0","3_sec3_0"
"56","4","3","2","2","sec3","3","4","2","sec025002","0.0","0.045","sec3","1","4"
"57","4","4","1","1","sec4","4","5","13","sec008001","1950.0","0.035","sec4","0","4_sec4_0"
"58","70","4","2","2","sec4","4","5","13","sec008002","1370.0","0.035","sec4","1","70"
"59","71","4","3","3","sec4","4","5","13","sec008003","1450.0","0.035","sec4","2","71"
"60","72","4","4","4","sec4","4","5","13","sec008004","1150.0","0.035","sec4","3","72"
"61","73","4","5","5","sec4","4","5","13","sec008005","1070.0","0.035","sec4","4","73"
"62","74","4","6","6","sec4","4","5","13","sec008006","1900.0","0.035","sec4","5","74"
"63","75","4","7","7","sec4","4","5","13","sec008007","1030.0","0.035","sec4","6","75"
"64","76","4","8","8","sec4","4","5","13","sec008008","1310.0","0.035","sec4","7","76"
"65","77","4","9","9","sec4","4","5","13","sec008009","1970.0","0.035","sec4","8","77"
"66","78","4","10","10","sec4","4","5","13","sec008010","1150.0","0.035","sec4","9","78"
"67","79","4","11","11","sec4","4","5","13","sec008011","1750.0","0.035","sec4","10","79"
"68","80","4","12","12","sec4","4","5","13","sec008012","1170.0","0.035","sec4","11","80"
"69","5","4","13","13","sec4","4","5","13","sec008013","170.0","0.035","sec4","12","5"
"70","6","5","1","1","sec5","6","7","5","sec003002","2724.0","0.025","sec5","0","6"
"71","81","5","2","2","sec5","6","7","5","sec003003","2220.0","0.025","sec5","1","81"
"72","82","5","3","3","sec5","6","7","5","sec003004","2010.0","0.025","sec5","2","82"
"73","83","5","4","4","sec5","6","7","5","sec003005","1710.0","0.025","sec5","3","83"
"74","7","5","5","5","sec5","6","7","5","sec003006","0.0","0.025","sec5","4","7"
"75","7","6","1","1","sec6","7","8","2","sec022001","600.0","0.029","sec6","0","7_sec6_0"
"76","8","6","2","2","sec6","7","8","2","sec022002","0.0","0.029","sec6","1","8"
"77","8","7","1","1","sec7","8","9","10","sec004001","1620.0","0.029","sec7","0","8_sec7_0"
"78","84","7","2","2","sec7","8","9","10","sec004002","1790.0","0.029","sec7","1","84"
"79","85","7","3","3","sec7","8","9","10","sec004003","1833.0","0.029","sec7","2","85"
"80","86","7","4","4","sec7","8","9","10","sec004004","2037.0","0.029","sec7","3","86"
"81","87","7","5","5","sec7","8","9","10","sec004005","1730.0","0.029","sec7","4","87"
"82","88","7","6","6","sec7","8","9","10","sec004006","1895.0","0.029","sec7","5","88"
"83","89","7","7","7","sec7","8","9","10","sec004007","1160.0","0.029","sec7","6","89"
"84","90","7","8","8","sec7","8","9","10","sec004008","1120.0","0.029","sec7","7","90"
"85","91","7","9","9","sec7","8","9","10","sec004009","1010.0","0.029","sec7","8","91"
"86","9","7","10","10","sec7","8","9","10","sec004010","0.0","0.029","sec7","9","9"
"87","9","8","1","1","sec8","9","10","15","sec005001","1020.0","0.029","sec8","0","9_sec8_0"
"88","92","8","2","2","sec8","9","10","15","sec005002","1160.0","0.029","sec8","1","92"
"89","93","8","3","3","sec8","9","10","15","sec005003","1550.0","0.029","sec8","2","93"
"90","94","8","4","4","sec8","9","10","15","sec005004","1620.0","0.029","sec8","3","94"
"91","95","8","5","5","sec8","9","10","15","sec005005","1390.0","0.029","sec8","4","95"
"92","96","8","6","6","sec8","9","10","15","sec005006","1660.0","0.029","sec8","5","96"
"93","97","8","7","7","sec8","9","10","15","sec005007","1000.0","0.029","sec8","6","97"
"94","98","8","8","8","sec8","9","10","15","sec005008","1590.0","0.029","sec8","7","98"
"95","99","8","9","9","sec8","9","10","15","sec005009","1530.0","0.029","sec8","8","99"
"96","100","8","10","10","sec8","9","10","15","sec005010","2020.0","0.029","sec8","9","100"
"97","101","8","11","11","sec8","9","10","15","sec005011","1150.0","0.029","sec8","10","101"
"98","102","8","12","12","sec8","9","10","15","sec005012","1970.0","0.029","sec8","11","102"
"99","103","8","13","13","sec8","9","10","15","sec005013","1020.0","0.029","sec8","12","103"
"100","104","8","14","14","sec8","9","10","15","sec005014","1160.0","0.029","sec8","13","104"
"101","10","8","15","15","sec8","9","10","15","sec005015","0.0","0.029","sec8","14","10"
"102","9","9","1","1","sec9","9","11","2","sec020001","600.0","0.029","sec9","0","9_sec9_0"
"103","11","9","2","2","sec9","9","11","2","sec020002","0.0","0.029","sec9","1","11"
"104","11","10","1","1","sec10","11","12","18","sec006001","1140.0","0.029","sec10","0","11_sec10_0"
"105","105","10","2","2","sec10","11","12","18","sec006002","1060.0","0.029","sec10","1","105"
"106","106","10","3","3","sec10","11","12","18","sec006003","1850.0","0.029","sec10","2","106"
"107","107","10","4","4","sec10","11","12","18","sec006004","1090.0","0.029","sec10","3","107"
"108","108","10","5","5","sec10","11","12","18","sec006005","1020.0","0.029","sec10","4","108"
"109","109","10","6","6","sec10","11","12","18","sec006006","1090.0","0.029","sec10","5","109"
"110","110","10","7","7","sec10","11","12","18","sec006007","1030.0","0.029","sec10","6","110"
"111","111","10","8","8","sec10","11","12","18","sec006008","1580.0","0.029","sec10","7","111"
"112","112","10","9","9","sec10","11","12","18","sec006009","1300.0","0.029","sec10","8","112"
"113","113","10","10","10","sec10","11","12","18","sec006010","1010.0","0.029","sec10","9","113"
"114","114","10","11","11","sec10","11","12","18","sec006011","1140.0","0.029","sec10","10","114"
"115","115","10","12","12","sec10","11","12","18","sec006012","1340.0","0.029","sec10","11","115"
"116","116","10","13","13","sec10","11","12","18","sec006013","1180.0","0.029","sec10","12","116"
"117","117","10","14","14","sec10","11","12","18","sec006014","1430.0","0.029","sec10","13","117"
"118","118","10","15","15","sec10","11","12","18","sec006015","1100.0","0.029","sec10","14","118"
"119","119","10","16","16","sec10","11","12","18","sec006016","1160.0","0.029","sec10","15","119"
"120","120","10","17","17","sec10","11","12","18","sec006017","1040.0","0.029","sec10","16","120"
"121","12","10","18","18","sec10","11","12","18","sec006018","0.0","0.029","sec10","17","12"
"122","12","11","1","1","sec11","12","10","2","sec021001","600.0","0.029","sec11","0","12_sec11_0"
"123","10","11","2","2","sec11","12","10","2","sec021002","0.0","0.029","sec11","1","10_sec11_1"
"124","10","12","1","1","sec12","10","13","12","sec007001","1900.0","0.029","sec12","0","10_sec12_0"
"125","121","12","2","2","sec12","10","13","12","sec007002","1400.0","0.029","sec12","1","121"
"126","122","12","3","3","sec12","10","13","12","sec007003","1540.0","0.029","sec12","2","122"
"127","123","12","4","4","sec12","10","13","12","sec007004","1870.0","0.029","sec12","3","123"
"128","124","12","5","5","sec12","10","13","12","sec007005","1750.0","0.029","sec12","4","124"
"129","125","12","6","6","sec12","10","13","12","sec007006","1640.0","0.029","sec12","5","125"
"130","126","12","7","7","sec12","10","13","12","sec007007","1490.0","0.029","sec12","6","126"
"131","127","12","8","8","sec12","10","13","12","sec007008","1350.0","0.029","sec12","7","127"
"132","128","12","9","9","sec12","10","13","12","sec007009","1580.0","0.029","sec12","8","128"
"133","129","12","10","10","sec12","10","13","12","sec007010","1770.0","0.029","sec12","9","129"
"134","130","12","11","11","sec12","10","13","12","sec007011","1440.0","0.029","sec12","10","130"
"135","13","12","12","12","sec12","10","13","12","sec007012","0.0","0.029","sec12","11","13"
"136","13","13","1","1","sec13","13","4","13","sec008001","1950.0","0.035","sec13","0","13_sec13_0"
"137","131","13","2","2","sec13","13","4","13","sec008002","1370.0","0.035","sec13","1","131"
"138","132","13","3","3","sec13","13","4","13","sec008003","1450.0","0.035","sec13","2","132"
"139","133","13","4","4","sec13","13","4","13","sec008004","1150.0","0.035","sec13","3","133"
"140","134","13","5","5","sec13","13","4","13","sec008005","1070.0","0.035","sec13","4","134"
"141","135","13","6","6","sec13","13","4","13","sec008006","1900.0","0.035","sec13","5","135"
"142","136","13","7","7","sec13","13","4","13","sec008007","1030.0","0.035","sec13","6","136"
"143","137","13","8","8","sec13","13","4","13","sec008008","1310.0","0.035","sec13","7","137"
"144","138","13","9","9","sec13","13","4","13","sec008009","1970.0","0.035","sec13","8","138"
"145","139","13","10","10","sec13","13","4","13","sec008010","1150.0","0.035","sec13","9","139"
"146","140","13","11","11","sec13","13","4","13","sec008011","1750.0","0.035","sec13","10","140"
"147","141","13","12","12","sec13","13","4","13","sec008012","1170.0","0.035","sec13","11","141"
"148","4","13","13","13","sec13","13","4","13","sec008013","0.0","0.035","sec13","12","4_sec13_12"
"149","7","14","1","1","sec14","7","14","6","sec009001","1478.0","0.025","sec14","0","7_sec14_0"
"150","142","14","2","2","sec14","7","14","6","sec009002","1667.0","0.025","sec14","1","142"
"151","143","14","3","3","sec14","7","14","6","sec009003","1885.0","0.025","sec14","2","143"
"152","144","14","4","4","sec14","7","14","6","sec009004","2110.0","0.025","sec14","3","144"
"153","145","14","5","5","sec14","7","14","6","sec009005","2027.0","0.025","sec14","4","145"
"154","14","14","6","6","sec14","7","14","6","sec009006","0.0","0.025","sec14","5","14"
"155","14","15","1","1","sec15","14","15","18","sec010001","1490.0","0.04","sec15","0","14_sec15_0"
"156","146","15","2","2","sec15","14","15","18","sec010002","1450.0","0.04","sec15","1","146"
"157","147","15","3","3","sec15","14","15","18","sec010003","1260.0","0.04","sec15","2","147"
"158","148","15","4","4","sec15","14","15","18","sec010004","1420.0","0.04","sec15","3","148"
"159","149","15","5","5","sec15","14","15","18","sec010005","1400.0","0.04","sec15","4","149"
"160","150","15","6","6","sec15","14","15","18","sec010006","1580.0","0.04","sec15","5","150"
"161","151","15","7","7","sec15","14","15","18","sec010007","1420.0","0.04","sec15","6","151"
"162","152","15","8","8","sec15","14","15","18","sec010008","1680.0","0.04","sec15","7","152"
"163","153","15","9","9","sec15","14","15","18","sec010009","1570.0","0.04","sec15","8","153"
"164","154","15","10","10","sec15","14","15","18","sec010010","1050.0","0.04","sec15","9","154"
"165","155","15","11","11","sec15","14","15","18","sec010011","1030.0","0.04","sec15","10","155"
"166","156","15","12","12","sec15","14","15","18","sec010012","1380.0","0.04","sec15","11","156"
"167","157","15","13","13","sec15","14","15","18","sec010013","2170.0","0.04","sec15","12","157"
"168","158","15","14","14","sec15","14","15","18","sec010014","1320.0","0.04","sec15","13","158"
"169","159","15","15","15","sec15","14","15","18","sec010015","1490.0","0.04","sec15","14","159"
"170","160","15","16","16","sec15","14","15","18","sec010016","1560.0","0.04","sec15","15","160"
"171","161","15","17","17","sec15","14","15","18","sec010017","1400.0","0.04","sec15","16","161"
"172","15","15","18","18","sec15","14","15","18","sec010018","0.0","0.04","sec15","17","15"
"173","14","16","1","1","sec16","14","16","2","sec018001","600.0","0.028","sec16","0","14_sec16_0"
"174","16","16","2","2","sec16","14","16","2","sec018002","0.0","0.028","sec16","1","16"
"175","16","17","1","1","sec17","16","17","20","sec011001","1410.0","0.027","sec17","0","16_sec17_0"
"176","162","17","2","2","sec17","16","17","20","sec011002","1300.0","0.027","sec17","1","162"
"177","163","17","3","3","sec17","16","17","20","sec011003","1230.0","0.027","sec17","2","163"
"178","164","17","4","4","sec17","16","17","20","sec011004","1070.0","0.027","sec17","3","164"
"179","165","17","5","5","sec17","16","17","20","sec011005","1150.0","0.027","sec17","4","165"
"180","166","17","6","6","sec17","16","17","20","sec011006","1080.0","0.027","sec17","5","166"
"181","167","17","7","7","sec17","16","17","20","sec011007","1530.0","0.027","sec17","6","167"
"182","168","17","8","8","sec17","16","17","20","sec011008","1000.0","0.027","sec17","7","168"
"183","169","17","9","9","sec17","16","17","20","sec011009","1520.0","0.027","sec17","8","169"
"184","170","17","10","10","sec17","16","17","20","sec011010","1200.0","0.027","sec17","9","170"
"185","171","17","11","11","sec17","16","17","20","sec011011","1030.0","0.027","sec17","10","171"
"186","172","17","12","12","sec17","16","17","20","sec011012","1860.0","0.027","sec17","11","172"
"187","173","17","13","13","sec17","16","17","20","sec011013","1270.0","0.027","sec17","12","173"
"188","174","17","14","14","sec17","16","17","20","sec011014","1920.0","0.027","sec17","13","174"
"189","175","17","15","15","sec17","16","17","20","sec011015","1340.0","0.027","sec17","14","175"
"190","176","17","16","16","sec17","16","17","20","sec011016","1540.0","0.027","sec17","15","176"
"191","177","17","17","17","sec17","16","17","20","sec011017","1010.0","0.027","sec17","16","177"
"192","178","17","18","18","sec17","16","17","20","sec011018","1180.0","0.027","sec17","17","178"
"193","179","17","19","19","sec17","16","17","20","sec011019","1530.0","0.027","sec17","18","179"
"194","17","17","20","20","sec17","16","17","20","sec011020","0.0","0.027","sec17","19","17"
"195","17","18","1","1","sec18","17","15","2","sec019001","1000.0","0.028","sec18","0","17_sec18_0"
"196","15","18","2","2","sec18","17","15","2","sec019002","0.0","0.028","sec18","1","15_sec18_1"
"197","15","19","1","1","sec19","15","18","26","sec012001","1060.0","0.029","sec19","0","15_sec19_0"
"198","180","19","2","2","sec19","15","18","26","sec012002","1170.0","0.029","sec19","1","180"
"199","181","19","3","3","sec19","15","18","26","sec012003","1090.0","0.029","sec19","2","181"
"200","182","19","4","4","sec19","15","18","26","sec012004","1530.0","0.029","sec19","3","182"
"201","183","19","5","5","sec19","15","18","26","sec012005","1520.0","0.029","sec19","4","183"
"202","184","19","6","6","sec19","15","18","26","sec012006","1550.0","0.029","sec19","5","184"
"203","185","19","7","7","sec19","15","18","26","sec012007","1470.0","0.029","sec19","6","185"
"204","186","19","8","8","sec19","15","18","26","sec012008","1330.0","0.029","sec19","7","186"
"205","187","19","9","9","sec19","15","18","26","sec012009","1110.0","0.029","sec19","8","187"
"206","188","19","10","10","sec19","15","18","26","sec012010","1910.0","0.029","sec19","9","188"
"207","189","19","11","11","sec19","15","18","26","sec012011","1240.0","0.029","sec19","10","189"
"208","190","19","12","12","sec19","15","18","26","sec012012","2020.0","0.029","sec19","11","190"
"209","191","19","13","13","sec19","15","18","26","sec012013","1810.0","0.029","sec19","12","191"
"210","192","19","14","14","sec19","15","18","26","sec012014","1780.0","0.029","sec19","13","192"
"211","193","19","15","15","sec19","15","18","26","sec012015","2020.0","0.029","sec19","14","193"
"212","194","19","16","16","sec19","15","18","26","sec012016","1970.0","0.029","sec19","15","194"
"213","195","19","17","17","sec19","15","18","26","sec012017","1650.0","0.029","sec19","16","195"
"214","196","19","18","18","sec19","15","18","26","sec012018","2010.0","0.029","sec19","17","196"
"215","197","19","19","19","sec19","15","18","26","sec012019","1580.0","0.029","sec19","18","197"
"216","198","19","20","20","sec19","15","18","26","sec012020","1790.0","0.029","sec19","19","198"
"217","199","19","21","21","sec19","15","18","26","sec012021","1760.0","0.029","sec19","20","199"
"218","200","19","22","22","sec19","15","18","26","sec012022","1960.0","0.029","sec19","21","200"
"219","201","19","23","23","sec19","15","18","26","sec012023","1870.0","0.029","sec19","22","201"
"220","202","19","24","24","sec19","15","18","26","sec012024","1850.0","0.029","sec19","23","202"
"221","203","19","25","25","sec19","15","18","26","sec012025","1440.0","0.029","sec19","24","203"
"222","18","19","26","26","sec19","15","18","26","sec012026","0.0","0.029","sec19","25","18"
"223","19","20","1","1","sec20","19","6","2","sec003001","1989.0","0.025","sec20","0","19"
"224","6","20","2","2","sec20","19","6","2","sec003002","0.0","0.025","sec20","1","6_sec20_1"
